,Unnamed: 0,genre,image
0,0,pop,pins/794/0.jpg
1,1,pop,pins/794/1.jpg
2,2,pop,pins/794/2.jpg
3,3,pop,pins/794/3.jpg
4,4,pop,pins/794/4.jpg
5,5,pop,pins/794/5.jpg
6,6,pop,pins/794/6.jpg
7,7,pop,pins/794/7.jpg
8,8,pop,pins/794/8.jpg
9,9,pop,pins/794/9.jpg
10,10,pop,pins/794/10.jpg
11,11,pop,pins/788/0.jpg
12,12,pop,pins/788/1.jpg
13,13,pop,pins/788/2.jpg
14,14,pop,pins/788/3.jpg
15,15,pop,pins/788/4.jpg
16,16,pop,pins/788/5.jpg
17,17,pop,pins/788/6.jpg
18,18,pop,pins/788/7.jpg
19,19,pop,pins/788/8.jpg
20,20,pop,pins/788/9.jpg
21,21,pop,pins/788/10.jpg
22,22,electronic,pins/787/0.jpg
23,23,electronic,pins/787/1.jpg
24,24,electronic,pins/787/2.jpg
25,25,electronic,pins/787/3.jpg
26,26,electronic,pins/787/4.jpg
27,27,electronic,pins/787/5.jpg
28,28,electronic,pins/787/6.jpg
29,29,electronic,pins/787/7.jpg
30,30,electronic,pins/787/8.jpg
31,31,electronic,pins/787/9.jpg
32,32,electronic,pins/787/10.jpg
33,33,rock,pins/689/0.jpg
34,34,rock,pins/689/1.jpg
35,35,rock,pins/689/2.jpg
36,36,rock,pins/689/3.jpg
37,37,rock,pins/689/4.jpg
38,38,rock,pins/689/5.jpg
39,39,rock,pins/689/6.jpg
40,40,rock,pins/689/7.jpg
41,41,rock,pins/689/8.jpg
42,42,rock,pins/689/9.jpg
43,43,rock,pins/689/10.jpg
44,44,pop,pins/727/0.jpg
45,45,pop,pins/727/1.jpg
46,46,pop,pins/727/2.jpg
47,47,pop,pins/727/3.jpg
48,48,pop,pins/727/4.jpg
49,49,pop,pins/727/5.jpg
50,50,pop,pins/727/6.jpg
51,51,pop,pins/727/7.jpg
52,52,pop,pins/727/8.jpg
53,53,pop,pins/727/9.jpg
54,54,pop,pins/727/10.jpg
55,55,pop,pins/684/0.jpg
56,56,pop,pins/684/1.jpg
57,57,pop,pins/684/2.jpg
58,58,pop,pins/684/3.jpg
59,59,pop,pins/684/4.jpg
60,60,pop,pins/684/5.jpg
61,61,pop,pins/684/6.jpg
62,62,pop,pins/684/7.jpg
63,63,pop,pins/684/8.jpg
64,64,pop,pins/684/9.jpg
65,65,pop,pins/684/10.jpg
66,66,pop,pins/688/0.jpg
67,67,pop,pins/688/1.jpg
68,68,pop,pins/688/2.jpg
69,69,pop,pins/688/3.jpg
70,70,pop,pins/688/4.jpg
71,71,pop,pins/688/5.jpg
72,72,pop,pins/688/6.jpg
73,73,pop,pins/688/7.jpg
74,74,pop,pins/688/8.jpg
75,75,pop,pins/688/9.jpg
76,76,pop,pins/688/10.jpg
77,77,pop,pins/530/0.jpg
78,78,pop,pins/530/1.jpg
79,79,pop,pins/530/2.jpg
80,80,pop,pins/530/3.jpg
81,81,pop,pins/530/4.jpg
82,82,pop,pins/530/5.jpg
83,83,pop,pins/530/6.jpg
84,84,pop,pins/530/7.jpg
85,85,pop,pins/530/8.jpg
86,86,pop,pins/530/9.jpg
87,87,pop,pins/530/10.jpg
88,88,rock,pins/707/0.jpg
89,89,rock,pins/707/1.jpg
90,90,rock,pins/707/2.jpg
91,91,rock,pins/707/3.jpg
92,92,rock,pins/707/4.jpg
93,93,rock,pins/707/5.jpg
94,94,rock,pins/707/6.jpg
95,95,rock,pins/707/7.jpg
96,96,rock,pins/707/8.jpg
97,97,rock,pins/707/9.jpg
98,98,rock,pins/707/10.jpg
99,99,pop,pins/775/0.jpg
100,100,pop,pins/775/1.jpg
101,101,pop,pins/775/2.jpg
102,102,pop,pins/775/3.jpg
103,103,pop,pins/775/4.jpg
104,104,pop,pins/775/5.jpg
105,105,pop,pins/775/6.jpg
106,106,pop,pins/775/7.jpg
107,107,pop,pins/775/8.jpg
108,108,pop,pins/775/9.jpg
109,109,electronic,pins/523/0.jpg
110,110,electronic,pins/523/1.jpg
111,111,electronic,pins/523/2.jpg
112,112,electronic,pins/523/3.jpg
113,113,electronic,pins/523/4.jpg
114,114,electronic,pins/523/5.jpg
115,115,electronic,pins/523/6.jpg
116,116,electronic,pins/523/7.jpg
117,117,electronic,pins/523/8.jpg
118,118,electronic,pins/523/9.jpg
119,119,electronic,pins/523/10.jpg
120,120,indie,pins/618/0.jpg
121,121,indie,pins/618/1.jpg
122,122,indie,pins/618/2.jpg
123,123,indie,pins/618/3.jpg
124,124,indie,pins/618/4.jpg
125,125,indie,pins/618/5.jpg
126,126,indie,pins/618/6.jpg
127,127,indie,pins/618/7.jpg
128,128,indie,pins/618/8.jpg
129,129,indie,pins/618/9.jpg
130,130,indie,pins/618/10.jpg
131,131,pop,pins/752/0.jpg
132,132,pop,pins/752/1.jpg
133,133,pop,pins/752/2.jpg
134,134,pop,pins/752/3.jpg
135,135,pop,pins/752/4.jpg
136,136,pop,pins/752/5.jpg
137,137,pop,pins/752/6.jpg
138,138,pop,pins/752/7.jpg
139,139,pop,pins/752/8.jpg
140,140,pop,pins/752/9.jpg
141,141,pop,pins/752/10.jpg
142,142,rock,pins/785/0.jpg
143,143,rock,pins/785/1.jpg
144,144,rock,pins/785/2.jpg
145,145,rock,pins/785/3.jpg
146,146,rock,pins/785/4.jpg
147,147,rock,pins/785/5.jpg
148,148,rock,pins/785/6.jpg
149,149,rock,pins/785/7.jpg
150,150,rock,pins/785/8.jpg
151,151,rock,pins/785/9.jpg
152,152,rock,pins/785/10.jpg
153,153,rock,pins/418/0.jpg
154,154,rock,pins/418/1.jpg
155,155,rock,pins/418/2.jpg
156,156,rock,pins/418/3.jpg
157,157,rock,pins/418/4.jpg
158,158,rock,pins/418/5.jpg
159,159,rock,pins/418/6.jpg
160,160,rock,pins/418/7.jpg
161,161,rock,pins/418/5.jpg
162,162,rock,pins/418/9.jpg
163,163,rock,pins/418/10.jpg
164,164,indie,pins/462/0.jpg
165,165,indie,pins/462/1.jpg
166,166,indie,pins/462/2.jpg
167,167,indie,pins/462/3.jpg
168,168,indie,pins/462/4.jpg
169,169,indie,pins/462/5.jpg
170,170,indie,pins/462/6.jpg
171,171,indie,pins/462/7.jpg
172,172,indie,pins/462/8.jpg
173,173,indie,pins/462/9.jpg
174,174,indie,pins/462/10.jpg
175,175,pop,pins/566/0.jpg
176,176,pop,pins/566/1.jpg
177,177,pop,pins/566/2.jpg
178,178,pop,pins/566/3.jpg
179,179,pop,pins/566/4.jpg
180,180,pop,pins/566/5.jpg
181,181,pop,pins/566/6.jpg
182,182,pop,pins/566/7.jpg
183,183,pop,pins/566/8.jpg
184,184,pop,pins/566/9.jpg
185,185,pop,pins/566/10.jpg
186,186,pop,pins/578/0.jpg
187,187,pop,pins/578/1.jpg
188,188,pop,pins/578/2.jpg
189,189,pop,pins/578/3.jpg
190,190,pop,pins/578/4.jpg
191,191,pop,pins/578/5.jpg
192,192,pop,pins/578/6.jpg
193,193,pop,pins/578/7.jpg
194,194,pop,pins/578/8.jpg
195,195,pop,pins/578/9.jpg
196,196,pop,pins/578/10.jpg
197,197,pop,pins/592/0.jpg
198,198,pop,pins/592/1.jpg
199,199,pop,pins/592/2.jpg
200,200,pop,pins/592/3.jpg
201,201,pop,pins/592/4.jpg
202,202,pop,pins/592/5.jpg
203,203,pop,pins/592/6.jpg
204,204,pop,pins/592/7.jpg
205,205,pop,pins/592/8.jpg
206,206,pop,pins/592/9.jpg
207,207,pop,pins/592/10.jpg
208,208,electronic,pins/706/0.jpg
209,209,electronic,pins/706/1.jpg
210,210,electronic,pins/706/2.jpg
211,211,electronic,pins/706/3.jpg
212,212,electronic,pins/706/4.jpg
213,213,electronic,pins/706/5.jpg
214,214,electronic,pins/706/6.jpg
215,215,electronic,pins/706/7.jpg
216,216,electronic,pins/706/8.jpg
217,217,electronic,pins/706/9.jpg
218,218,electronic,pins/706/10.jpg
219,219,rock,pins/740/0.jpg
220,220,rock,pins/740/1.jpg
221,221,rock,pins/740/2.jpg
222,222,rock,pins/740/3.jpg
223,223,rock,pins/740/4.jpg
224,224,rock,pins/740/5.jpg
225,225,rock,pins/740/6.jpg
226,226,rock,pins/740/7.jpg
227,227,rock,pins/740/8.jpg
228,228,rock,pins/740/9.jpg
229,229,rock,pins/740/10.jpg
230,230,pop,pins/764/0.jpg
231,231,pop,pins/764/1.jpg
232,232,pop,pins/764/2.jpg
233,233,pop,pins/764/3.jpg
234,234,pop,pins/764/4.jpg
235,235,pop,pins/764/5.jpg
236,236,pop,pins/764/6.jpg
237,237,pop,pins/764/7.jpg
238,238,pop,pins/764/8.jpg
239,239,pop,pins/764/9.jpg
240,240,pop,pins/764/10.jpg
241,241,pop,pins/497/0.jpg
242,242,pop,pins/497/1.jpg
243,243,pop,pins/497/2.jpg
244,244,pop,pins/497/3.jpg
245,245,pop,pins/497/4.jpg
246,246,pop,pins/497/5.jpg
247,247,pop,pins/497/6.jpg
248,248,pop,pins/497/7.jpg
249,249,pop,pins/497/5.jpg
250,250,pop,pins/497/9.jpg
251,251,pop,pins/497/10.jpg
252,252,rock,pins/620/0.jpg
253,253,rock,pins/620/1.jpg
254,254,rock,pins/620/2.jpg
255,255,rock,pins/620/3.jpg
256,256,rock,pins/620/4.jpg
257,257,rock,pins/620/5.jpg
258,258,rock,pins/620/6.jpg
259,259,rock,pins/620/7.jpg
260,260,rock,pins/620/8.jpg
261,261,rock,pins/620/9.jpg
262,262,pop,pins/645/0.jpg
263,263,pop,pins/645/1.jpg
264,264,pop,pins/645/2.jpg
265,265,pop,pins/645/3.jpg
266,266,pop,pins/645/4.jpg
267,267,pop,pins/645/5.jpg
268,268,pop,pins/645/6.jpg
269,269,pop,pins/645/7.jpg
270,270,pop,pins/645/8.jpg
271,271,pop,pins/645/9.jpg
272,272,pop,pins/645/10.jpg
273,273,pop,pins/709/0.jpg
274,274,pop,pins/709/1.jpg
275,275,pop,pins/709/2.jpg
276,276,pop,pins/709/3.jpg
277,277,pop,pins/709/4.jpg
278,278,pop,pins/709/5.jpg
279,279,pop,pins/709/6.jpg
280,280,pop,pins/709/7.jpg
281,281,pop,pins/709/8.jpg
282,282,pop,pins/709/9.jpg
283,283,pop,pins/709/10.jpg
284,284,rock,pins/744/0.jpg
285,285,rock,pins/744/1.jpg
286,286,rock,pins/744/2.jpg
287,287,rock,pins/744/3.jpg
288,288,rock,pins/744/4.jpg
289,289,rock,pins/744/5.jpg
290,290,rock,pins/744/6.jpg
291,291,rock,pins/744/7.jpg
292,292,rock,pins/744/8.jpg
293,293,rock,pins/744/9.jpg
294,294,rock,pins/744/10.jpg
295,295,pop,pins/506/0.jpg
296,296,pop,pins/506/1.jpg
297,297,pop,pins/506/2.jpg
298,298,pop,pins/506/3.jpg
299,299,pop,pins/506/4.jpg
300,300,pop,pins/506/5.jpg
301,301,pop,pins/506/6.jpg
302,302,pop,pins/506/7.jpg
303,303,pop,pins/506/8.jpg
304,304,pop,pins/506/9.jpg
305,305,pop,pins/506/10.jpg
306,306,rock,pins/525/0.jpg
307,307,rock,pins/525/1.jpg
308,308,rock,pins/525/2.jpg
309,309,rock,pins/525/3.jpg
310,310,rock,pins/525/4.jpg
311,311,rock,pins/525/5.jpg
312,312,rock,pins/525/6.jpg
313,313,rock,pins/525/7.jpg
314,314,rock,pins/525/3.jpg
315,315,rock,pins/525/9.jpg
316,316,rock,pins/525/10.jpg
317,317,indie,pins/601/0.jpg
318,318,indie,pins/601/1.jpg
319,319,indie,pins/601/2.jpg
320,320,indie,pins/601/3.jpg
321,321,indie,pins/601/4.jpg
322,322,indie,pins/601/5.jpg
323,323,indie,pins/601/6.jpg
324,324,indie,pins/601/7.jpg
325,325,indie,pins/601/8.jpg
326,326,indie,pins/601/9.jpg
327,327,pop,pins/613/0.jpg
328,328,pop,pins/613/1.jpg
329,329,pop,pins/613/2.jpg
330,330,pop,pins/613/3.jpg
331,331,pop,pins/613/4.jpg
332,332,pop,pins/613/5.jpg
333,333,pop,pins/613/6.jpg
334,334,pop,pins/613/7.jpg
335,335,pop,pins/613/8.jpg
336,336,pop,pins/613/9.jpg
337,337,pop,pins/613/10.jpg
338,338,rock,pins/697/0.jpg
339,339,rock,pins/697/1.jpg
340,340,rock,pins/697/2.jpg
341,341,rock,pins/697/3.jpg
342,342,rock,pins/697/4.jpg
343,343,rock,pins/697/5.jpg
344,344,rock,pins/697/6.jpg
345,345,rock,pins/697/7.jpg
346,346,rock,pins/697/8.jpg
347,347,rock,pins/697/9.jpg
348,348,rock,pins/697/10.jpg
349,349,pop,pins/731/0.jpg
350,350,pop,pins/731/1.jpg
351,351,pop,pins/731/2.jpg
352,352,pop,pins/731/3.jpg
353,353,pop,pins/731/4.jpg
354,354,pop,pins/731/5.jpg
355,355,pop,pins/731/6.jpg
356,356,pop,pins/731/7.jpg
357,357,pop,pins/731/8.jpg
358,358,pop,pins/731/9.jpg
359,359,pop,pins/731/10.jpg
360,360,contemporary,pins/748/0.jpg
361,361,contemporary,pins/748/1.jpg
362,362,contemporary,pins/748/2.jpg
363,363,contemporary,pins/748/3.jpg
364,364,contemporary,pins/748/4.jpg
365,365,contemporary,pins/748/5.jpg
366,366,contemporary,pins/748/6.jpg
367,367,contemporary,pins/748/7.jpg
368,368,contemporary,pins/748/8.jpg
369,369,contemporary,pins/748/9.jpg
370,370,contemporary,pins/748/10.jpg
371,371,pop,pins/778/0.jpg
372,372,pop,pins/778/1.jpg
373,373,pop,pins/778/2.jpg
374,374,pop,pins/778/3.jpg
375,375,pop,pins/778/4.jpg
376,376,pop,pins/778/5.jpg
377,377,pop,pins/778/6.jpg
378,378,pop,pins/778/7.jpg
379,379,pop,pins/778/8.jpg
380,380,pop,pins/778/9.jpg
381,381,pop,pins/778/10.jpg
382,382,pop,pins/487/0.jpg
383,383,pop,pins/487/1.jpg
384,384,pop,pins/487/2.jpg
385,385,pop,pins/487/3.jpg
386,386,pop,pins/487/4.jpg
387,387,pop,pins/487/5.jpg
388,388,pop,pins/487/6.jpg
389,389,pop,pins/487/7.jpg
390,390,pop,pins/487/8.jpg
391,391,pop,pins/487/9.jpg
392,392,pop,pins/487/10.jpg
393,393,rock,pins/676/0.jpg
394,394,rock,pins/676/1.jpg
395,395,rock,pins/676/2.jpg
396,396,rock,pins/676/3.jpg
397,397,rock,pins/676/4.jpg
398,398,rock,pins/676/5.jpg
399,399,rock,pins/676/6.jpg
400,400,rock,pins/676/7.jpg
401,401,rock,pins/676/8.jpg
402,402,rock,pins/676/9.jpg
403,403,rock,pins/676/10.jpg
404,404,pop,pins/749/0.jpg
405,405,pop,pins/749/1.jpg
406,406,pop,pins/749/2.jpg
407,407,pop,pins/749/3.jpg
408,408,pop,pins/749/4.jpg
409,409,pop,pins/749/5.jpg
410,410,pop,pins/749/6.jpg
411,411,pop,pins/749/7.jpg
412,412,pop,pins/749/8.jpg
413,413,pop,pins/749/9.jpg
414,414,pop,pins/749/10.jpg
415,415,pop,pins/760/0.jpg
416,416,pop,pins/760/1.jpg
417,417,pop,pins/760/2.jpg
418,418,pop,pins/760/3.jpg
419,419,pop,pins/760/4.jpg
420,420,pop,pins/760/5.jpg
421,421,pop,pins/760/6.jpg
422,422,pop,pins/760/7.jpg
423,423,pop,pins/760/8.jpg
424,424,pop,pins/760/9.jpg
425,425,pop,pins/760/10.jpg
426,426,pop,pins/423/0.jpg
427,427,pop,pins/423/1.jpg
428,428,pop,pins/423/2.jpg
429,429,pop,pins/423/3.jpg
430,430,pop,pins/423/4.jpg
431,431,pop,pins/423/5.jpg
432,432,pop,pins/423/6.jpg
433,433,pop,pins/423/7.jpg
434,434,pop,pins/423/8.jpg
435,435,pop,pins/423/9.jpg
436,436,pop,pins/423/10.jpg
437,437,pop,pins/549/0.jpg
438,438,pop,pins/549/1.jpg
439,439,pop,pins/549/2.jpg
440,440,pop,pins/549/3.jpg
441,441,pop,pins/549/4.jpg
442,442,pop,pins/549/5.jpg
443,443,pop,pins/549/6.jpg
444,444,pop,pins/549/7.jpg
445,445,pop,pins/549/8.jpg
446,446,pop,pins/549/9.jpg
447,447,pop,pins/549/10.jpg
448,448,pop,pins/693/0.jpg
449,449,pop,pins/693/1.jpg
450,450,pop,pins/693/2.jpg
451,451,pop,pins/693/3.jpg
452,452,pop,pins/693/4.jpg
453,453,pop,pins/693/5.jpg
454,454,pop,pins/693/6.jpg
455,455,pop,pins/693/7.jpg
456,456,pop,pins/693/8.jpg
457,457,pop,pins/693/9.jpg
458,458,pop,pins/693/10.jpg
459,459,pop,pins/710/0.jpg
460,460,pop,pins/710/1.jpg
461,461,pop,pins/710/2.jpg
462,462,pop,pins/710/3.jpg
463,463,pop,pins/710/4.jpg
464,464,pop,pins/710/5.jpg
465,465,pop,pins/710/6.jpg
466,466,pop,pins/710/7.jpg
467,467,pop,pins/710/8.jpg
468,468,pop,pins/710/9.jpg
469,469,pop,pins/710/10.jpg
470,470,contemporary,pins/750/0.jpg
471,471,contemporary,pins/750/1.jpg
472,472,contemporary,pins/750/2.jpg
473,473,contemporary,pins/750/3.jpg
474,474,contemporary,pins/750/4.jpg
475,475,contemporary,pins/750/5.jpg
476,476,contemporary,pins/750/6.jpg
477,477,contemporary,pins/750/7.jpg
478,478,contemporary,pins/750/8.jpg
479,479,contemporary,pins/750/9.jpg
480,480,contemporary,pins/750/10.jpg
481,481,electronic,pins/756/0.jpg
482,482,electronic,pins/756/1.jpg
483,483,electronic,pins/756/2.jpg
484,484,electronic,pins/756/3.jpg
485,485,electronic,pins/756/4.jpg
486,486,electronic,pins/756/5.jpg
487,487,electronic,pins/756/6.jpg
488,488,electronic,pins/756/7.jpg
489,489,electronic,pins/756/8.jpg
490,490,electronic,pins/756/9.jpg
491,491,electronic,pins/756/10.jpg
492,492,pop,pins/798/0.jpg
493,493,pop,pins/798/1.jpg
494,494,pop,pins/798/2.jpg
495,495,pop,pins/798/3.jpg
496,496,pop,pins/798/4.jpg
497,497,pop,pins/798/5.jpg
498,498,pop,pins/798/6.jpg
499,499,pop,pins/798/7.jpg
500,500,pop,pins/798/8.jpg
501,501,pop,pins/798/9.jpg
502,502,pop,pins/798/10.jpg
503,503,r&b,pins/434/0.jpg
504,504,r&b,pins/434/1.jpg
505,505,r&b,pins/434/2.jpg
506,506,r&b,pins/434/3.jpg
507,507,r&b,pins/434/4.jpg
508,508,r&b,pins/434/5.jpg
509,509,r&b,pins/434/6.jpg
510,510,r&b,pins/434/7.jpg
511,511,r&b,pins/434/8.jpg
512,512,r&b,pins/434/9.jpg
513,513,r&b,pins/434/10.jpg
514,514,indie,pins/550/0.jpg
515,515,indie,pins/550/1.jpg
516,516,indie,pins/550/2.jpg
517,517,indie,pins/550/3.jpg
518,518,indie,pins/550/4.jpg
519,519,indie,pins/550/5.jpg
520,520,indie,pins/550/6.jpg
521,521,indie,pins/550/7.jpg
522,522,indie,pins/550/8.jpg
523,523,indie,pins/550/9.jpg
524,524,indie,pins/550/10.jpg
525,525,pop,pins/692/0.jpg
526,526,pop,pins/692/1.jpg
527,527,pop,pins/692/2.jpg
528,528,pop,pins/692/3.jpg
529,529,pop,pins/692/4.jpg
530,530,pop,pins/692/5.jpg
531,531,pop,pins/692/6.jpg
532,532,pop,pins/692/7.jpg
533,533,pop,pins/692/8.jpg
534,534,pop,pins/692/9.jpg
535,535,pop,pins/692/10.jpg
536,536,pop,pins/776/0.jpg
537,537,pop,pins/776/1.jpg
538,538,pop,pins/776/2.jpg
539,539,pop,pins/776/3.jpg
540,540,pop,pins/776/4.jpg
541,541,pop,pins/776/5.jpg
542,542,pop,pins/776/6.jpg
543,543,pop,pins/776/7.jpg
544,544,pop,pins/776/8.jpg
545,545,pop,pins/776/9.jpg
546,546,pop,pins/776/10.jpg
547,547,rock,pins/439/0.jpg
548,548,rock,pins/439/1.jpg
549,549,rock,pins/439/2.jpg
550,550,rock,pins/439/3.jpg
551,551,rock,pins/439/4.jpg
552,552,rock,pins/439/5.jpg
553,553,rock,pins/439/6.jpg
554,554,rock,pins/439/7.jpg
555,555,rock,pins/439/8.jpg
556,556,rock,pins/439/9.jpg
557,557,electronic,pins/527/0.jpg
558,558,electronic,pins/527/1.jpg
559,559,electronic,pins/527/2.jpg
560,560,electronic,pins/527/3.jpg
561,561,electronic,pins/527/4.jpg
562,562,electronic,pins/527/5.jpg
563,563,electronic,pins/527/6.jpg
564,564,electronic,pins/527/7.jpg
565,565,electronic,pins/527/8.jpg
566,566,electronic,pins/527/9.jpg
567,567,electronic,pins/527/10.jpg
568,568,rock,pins/563/0.jpg
569,569,rock,pins/563/1.jpg
570,570,rock,pins/563/2.jpg
571,571,rock,pins/563/3.jpg
572,572,rock,pins/563/4.jpg
573,573,rock,pins/563/5.jpg
574,574,rock,pins/563/6.jpg
575,575,rock,pins/563/7.jpg
576,576,rock,pins/563/8.jpg
577,577,rock,pins/563/9.jpg
578,578,rock,pins/563/10.jpg
579,579,rock,pins/623/0.jpg
580,580,rock,pins/623/1.jpg
581,581,rock,pins/623/2.jpg
582,582,rock,pins/623/3.jpg
583,583,rock,pins/623/4.jpg
584,584,rock,pins/623/5.jpg
585,585,rock,pins/623/6.jpg
586,586,rock,pins/623/7.jpg
587,587,rock,pins/623/8.jpg
588,588,rock,pins/623/9.jpg
589,589,rock,pins/623/10.jpg
590,590,country,pins/633/0.jpg
591,591,country,pins/633/1.jpg
592,592,country,pins/633/2.jpg
593,593,country,pins/633/3.jpg
594,594,country,pins/633/4.jpg
595,595,country,pins/633/5.jpg
596,596,country,pins/633/6.jpg
597,597,country,pins/633/7.jpg
598,598,country,pins/633/8.jpg
599,599,country,pins/633/9.jpg
600,600,country,pins/633/10.jpg
601,601,pop,pins/670/0.jpg
602,602,pop,pins/670/1.jpg
603,603,pop,pins/670/2.jpg
604,604,pop,pins/670/3.jpg
605,605,pop,pins/670/4.jpg
606,606,pop,pins/670/5.jpg
607,607,pop,pins/670/6.jpg
608,608,pop,pins/670/7.jpg
609,609,pop,pins/670/8.jpg
610,610,pop,pins/670/9.jpg
611,611,pop,pins/670/10.jpg
612,612,pop,pins/712/0.jpg
613,613,pop,pins/712/1.jpg
614,614,pop,pins/712/2.jpg
615,615,pop,pins/712/3.jpg
616,616,pop,pins/712/4.jpg
617,617,pop,pins/712/5.jpg
618,618,pop,pins/712/6.jpg
619,619,pop,pins/712/7.jpg
620,620,pop,pins/712/8.jpg
621,621,pop,pins/712/9.jpg
622,622,pop,pins/712/10.jpg
623,623,pop,pins/726/0.jpg
624,624,pop,pins/726/1.jpg
625,625,pop,pins/726/2.jpg
626,626,pop,pins/726/3.jpg
627,627,pop,pins/726/4.jpg
628,628,pop,pins/726/5.jpg
629,629,pop,pins/726/6.jpg
630,630,pop,pins/726/7.jpg
631,631,pop,pins/726/8.jpg
632,632,pop,pins/726/9.jpg
633,633,pop,pins/726/10.jpg
634,634,hip hop,pins/466/0.jpg
635,635,hip hop,pins/466/1.jpg
636,636,hip hop,pins/466/2.jpg
637,637,hip hop,pins/466/3.jpg
638,638,hip hop,pins/466/4.jpg
639,639,hip hop,pins/466/5.jpg
640,640,hip hop,pins/466/6.jpg
641,641,hip hop,pins/466/7.jpg
642,642,hip hop,pins/466/8.jpg
643,643,hip hop,pins/466/9.jpg
644,644,hip hop,pins/466/10.jpg
645,645,electronic,pins/540/0.jpg
646,646,electronic,pins/540/1.jpg
647,647,electronic,pins/540/2.jpg
648,648,electronic,pins/540/3.jpg
649,649,electronic,pins/540/4.jpg
650,650,electronic,pins/540/5.jpg
651,651,electronic,pins/540/6.jpg
652,652,electronic,pins/540/7.jpg
653,653,electronic,pins/540/8.jpg
654,654,electronic,pins/540/9.jpg
655,655,electronic,pins/540/10.jpg
656,656,pop,pins/548/0.jpg
657,657,pop,pins/548/1.jpg
658,658,pop,pins/548/2.jpg
659,659,pop,pins/548/3.jpg
660,660,pop,pins/548/4.jpg
661,661,pop,pins/548/5.jpg
662,662,pop,pins/548/6.jpg
663,663,pop,pins/548/2.jpg
664,664,pop,pins/548/8.jpg
665,665,pop,pins/548/9.jpg
666,666,pop,pins/548/10.jpg
667,667,rock,pins/567/0.jpg
668,668,rock,pins/567/1.jpg
669,669,rock,pins/567/2.jpg
670,670,rock,pins/567/3.jpg
671,671,rock,pins/567/4.jpg
672,672,rock,pins/567/5.jpg
673,673,rock,pins/567/6.jpg
674,674,rock,pins/567/7.jpg
675,675,rock,pins/567/8.jpg
676,676,rock,pins/567/9.jpg
677,677,rock,pins/567/10.jpg
678,678,pop,pins/416/0.jpg
679,679,pop,pins/416/1.jpg
680,680,pop,pins/416/2.jpg
681,681,pop,pins/416/3.jpg
682,682,pop,pins/416/4.jpg
683,683,pop,pins/416/5.jpg
684,684,pop,pins/416/6.jpg
685,685,pop,pins/416/7.jpg
686,686,pop,pins/416/8.jpg
687,687,pop,pins/416/9.jpg
688,688,pop,pins/416/10.jpg
689,689,pop,pins/438/0.jpg
690,690,pop,pins/438/1.jpg
691,691,pop,pins/438/2.jpg
692,692,pop,pins/438/3.jpg
693,693,pop,pins/438/4.jpg
694,694,pop,pins/438/5.jpg
695,695,pop,pins/438/6.jpg
696,696,pop,pins/438/7.jpg
697,697,pop,pins/438/8.jpg
698,698,pop,pins/438/9.jpg
699,699,pop,pins/438/10.jpg
700,700,pop,pins/445/0.jpg
701,701,pop,pins/445/1.jpg
702,702,pop,pins/445/2.jpg
703,703,pop,pins/445/3.jpg
704,704,pop,pins/445/4.jpg
705,705,pop,pins/445/5.jpg
706,706,pop,pins/445/6.jpg
707,707,pop,pins/445/7.jpg
708,708,pop,pins/445/8.jpg
709,709,pop,pins/445/9.jpg
710,710,pop,pins/445/10.jpg
711,711,pop,pins/469/0.jpg
712,712,pop,pins/469/1.jpg
713,713,pop,pins/469/2.jpg
714,714,pop,pins/469/3.jpg
715,715,pop,pins/469/4.jpg
716,716,pop,pins/469/5.jpg
717,717,pop,pins/469/6.jpg
718,718,pop,pins/469/7.jpg
719,719,pop,pins/469/8.jpg
720,720,pop,pins/469/9.jpg
721,721,pop,pins/469/10.jpg
722,722,contemporary,pins/534/0.jpg
723,723,contemporary,pins/534/1.jpg
724,724,contemporary,pins/534/2.jpg
725,725,contemporary,pins/534/3.jpg
726,726,contemporary,pins/534/4.jpg
727,727,contemporary,pins/534/5.jpg
728,728,contemporary,pins/534/6.jpg
729,729,contemporary,pins/534/7.jpg
730,730,contemporary,pins/534/8.jpg
731,731,contemporary,pins/534/9.jpg
732,732,contemporary,pins/534/10.jpg
733,733,pop,pins/560/0.jpg
734,734,pop,pins/560/1.jpg
735,735,pop,pins/560/2.jpg
736,736,pop,pins/560/3.jpg
737,737,pop,pins/560/4.jpg
738,738,pop,pins/560/5.jpg
739,739,pop,pins/560/6.jpg
740,740,pop,pins/560/7.jpg
741,741,pop,pins/560/8.jpg
742,742,pop,pins/560/9.jpg
743,743,pop,pins/560/10.jpg
744,744,indie,pins/616/0.jpg
745,745,indie,pins/616/1.jpg
746,746,indie,pins/616/2.jpg
747,747,indie,pins/616/3.jpg
748,748,indie,pins/616/4.jpg
749,749,indie,pins/616/5.jpg
750,750,indie,pins/616/6.jpg
751,751,indie,pins/616/7.jpg
752,752,indie,pins/616/8.jpg
753,753,indie,pins/616/9.jpg
754,754,indie,pins/616/10.jpg
755,755,indie,pins/678/0.jpg
756,756,indie,pins/678/1.jpg
757,757,indie,pins/678/2.jpg
758,758,indie,pins/678/3.jpg
759,759,indie,pins/678/4.jpg
760,760,indie,pins/678/5.jpg
761,761,indie,pins/678/6.jpg
762,762,indie,pins/678/7.jpg
763,763,indie,pins/678/8.jpg
764,764,indie,pins/678/9.jpg
765,765,indie,pins/678/10.jpg
766,766,pop,pins/687/0.jpg
767,767,pop,pins/687/1.jpg
768,768,pop,pins/687/2.jpg
769,769,pop,pins/687/3.jpg
770,770,pop,pins/687/4.jpg
771,771,pop,pins/687/5.jpg
772,772,pop,pins/687/6.jpg
773,773,pop,pins/687/7.jpg
774,774,pop,pins/687/8.jpg
775,775,pop,pins/687/9.jpg
776,776,pop,pins/687/10.jpg
777,777,pop,pins/429/0.jpg
778,778,pop,pins/429/1.jpg
779,779,pop,pins/429/2.jpg
780,780,pop,pins/429/3.jpg
781,781,pop,pins/429/4.jpg
782,782,pop,pins/429/5.jpg
783,783,pop,pins/429/6.jpg
784,784,pop,pins/429/7.jpg
785,785,pop,pins/429/8.jpg
786,786,pop,pins/429/9.jpg
787,787,pop,pins/429/10.jpg
788,788,r&b,pins/435/0.jpg
789,789,r&b,pins/435/1.jpg
790,790,r&b,pins/435/2.jpg
791,791,r&b,pins/435/3.jpg
792,792,r&b,pins/435/4.jpg
793,793,r&b,pins/435/5.jpg
794,794,r&b,pins/435/6.jpg
795,795,r&b,pins/435/7.jpg
796,796,r&b,pins/435/8.jpg
797,797,r&b,pins/435/9.jpg
798,798,pop,pins/467/0.jpg
799,799,pop,pins/467/1.jpg
800,800,pop,pins/467/2.jpg
801,801,pop,pins/467/3.jpg
802,802,pop,pins/467/4.jpg
803,803,pop,pins/467/5.jpg
804,804,pop,pins/467/6.jpg
805,805,pop,pins/467/7.jpg
806,806,pop,pins/467/8.jpg
807,807,pop,pins/467/9.jpg
808,808,pop,pins/467/10.jpg
809,809,pop,pins/471/0.jpg
810,810,pop,pins/471/1.jpg
811,811,pop,pins/471/2.jpg
812,812,pop,pins/471/3.jpg
813,813,pop,pins/471/4.jpg
814,814,pop,pins/471/5.jpg
815,815,pop,pins/471/6.jpg
816,816,pop,pins/471/7.jpg
817,817,pop,pins/471/8.jpg
818,818,pop,pins/471/9.jpg
819,819,pop,pins/471/10.jpg
820,820,contemporary,pins/519/0.jpg
821,821,contemporary,pins/519/1.jpg
822,822,contemporary,pins/519/2.jpg
823,823,contemporary,pins/519/3.jpg
824,824,contemporary,pins/519/4.jpg
825,825,contemporary,pins/519/5.jpg
826,826,contemporary,pins/519/6.jpg
827,827,contemporary,pins/519/7.jpg
828,828,contemporary,pins/519/8.jpg
829,829,contemporary,pins/519/9.jpg
830,830,contemporary,pins/519/10.jpg
831,831,hip hop,pins/547/0.jpg
832,832,hip hop,pins/547/1.jpg
833,833,hip hop,pins/547/2.jpg
834,834,hip hop,pins/547/3.jpg
835,835,hip hop,pins/547/4.jpg
836,836,hip hop,pins/547/5.jpg
837,837,hip hop,pins/547/6.jpg
838,838,hip hop,pins/547/7.jpg
839,839,hip hop,pins/547/8.jpg
840,840,hip hop,pins/547/9.jpg
841,841,hip hop,pins/547/10.jpg
842,842,rock,pins/591/0.jpg
843,843,rock,pins/591/1.jpg
844,844,rock,pins/591/2.jpg
845,845,rock,pins/591/3.jpg
846,846,rock,pins/591/4.jpg
847,847,rock,pins/591/5.jpg
848,848,rock,pins/591/6.jpg
849,849,rock,pins/591/7.jpg
850,850,rock,pins/591/8.jpg
851,851,rock,pins/591/9.jpg
852,852,rock,pins/591/10.jpg
853,853,rock,pins/605/0.jpg
854,854,rock,pins/605/1.jpg
855,855,rock,pins/605/2.jpg
856,856,rock,pins/605/3.jpg
857,857,rock,pins/605/4.jpg
858,858,rock,pins/605/5.jpg
859,859,rock,pins/605/6.jpg
860,860,rock,pins/605/7.jpg
861,861,rock,pins/605/8.jpg
862,862,rock,pins/605/9.jpg
863,863,rock,pins/605/10.jpg
864,864,pop,pins/656/0.jpg
865,865,pop,pins/656/1.jpg
866,866,pop,pins/656/2.jpg
867,867,pop,pins/656/3.jpg
868,868,pop,pins/656/4.jpg
869,869,pop,pins/656/5.jpg
870,870,pop,pins/656/6.jpg
871,871,pop,pins/656/7.jpg
872,872,pop,pins/656/8.jpg
873,873,pop,pins/656/9.jpg
874,874,pop,pins/656/10.jpg
875,875,rock,pins/702/0.jpg
876,876,rock,pins/702/1.jpg
877,877,rock,pins/702/2.jpg
878,878,rock,pins/702/3.jpg
879,879,rock,pins/702/4.jpg
880,880,rock,pins/702/5.jpg
881,881,rock,pins/702/6.jpg
882,882,rock,pins/702/7.jpg
883,883,rock,pins/702/8.jpg
884,884,rock,pins/702/9.jpg
885,885,rock,pins/702/10.jpg
886,886,pop,pins/596/0.jpg
887,887,pop,pins/596/1.jpg
888,888,pop,pins/596/2.jpg
889,889,pop,pins/596/3.jpg
890,890,pop,pins/596/4.jpg
891,891,pop,pins/596/5.jpg
892,892,pop,pins/596/6.jpg
893,893,pop,pins/596/7.jpg
894,894,pop,pins/596/8.jpg
895,895,pop,pins/596/9.jpg
896,896,pop,pins/596/10.jpg
897,897,pop,pins/604/0.jpg
898,898,pop,pins/604/1.jpg
899,899,pop,pins/604/2.jpg
900,900,pop,pins/604/3.jpg
901,901,pop,pins/604/4.jpg
902,902,pop,pins/604/5.jpg
903,903,pop,pins/604/6.jpg
904,904,pop,pins/604/7.jpg
905,905,pop,pins/604/5.jpg
906,906,pop,pins/604/9.jpg
907,907,pop,pins/604/10.jpg
908,908,rock,pins/624/0.jpg
909,909,rock,pins/624/1.jpg
910,910,rock,pins/624/2.jpg
911,911,rock,pins/624/3.jpg
912,912,rock,pins/624/4.jpg
913,913,rock,pins/624/5.jpg
914,914,rock,pins/624/6.jpg
915,915,rock,pins/624/7.jpg
916,916,rock,pins/624/8.jpg
917,917,rock,pins/624/9.jpg
918,918,rock,pins/624/10.jpg
919,919,rock,pins/652/0.jpg
920,920,rock,pins/652/1.jpg
921,921,rock,pins/652/2.jpg
922,922,rock,pins/652/3.jpg
923,923,rock,pins/652/4.jpg
924,924,rock,pins/652/5.jpg
925,925,rock,pins/652/6.jpg
926,926,rock,pins/652/7.jpg
927,927,rock,pins/652/8.jpg
928,928,rock,pins/652/9.jpg
929,929,rock,pins/652/10.jpg
930,930,rock,pins/660/0.jpg
931,931,rock,pins/660/1.jpg
932,932,rock,pins/660/2.jpg
933,933,rock,pins/660/3.jpg
934,934,rock,pins/660/4.jpg
935,935,rock,pins/660/5.jpg
936,936,rock,pins/660/6.jpg
937,937,rock,pins/660/7.jpg
938,938,rock,pins/660/5.jpg
939,939,rock,pins/660/9.jpg
940,940,rock,pins/660/10.jpg
941,941,rock,pins/686/0.jpg
942,942,rock,pins/686/1.jpg
943,943,rock,pins/686/2.jpg
944,944,rock,pins/686/3.jpg
945,945,rock,pins/686/4.jpg
946,946,rock,pins/686/5.jpg
947,947,rock,pins/686/6.jpg
948,948,rock,pins/686/7.jpg
949,949,rock,pins/686/8.jpg
950,950,rock,pins/686/9.jpg
951,951,rock,pins/451/0.jpg
952,952,rock,pins/451/1.jpg
953,953,rock,pins/451/2.jpg
954,954,rock,pins/451/3.jpg
955,955,rock,pins/451/4.jpg
956,956,rock,pins/451/5.jpg
957,957,rock,pins/451/6.jpg
958,958,rock,pins/451/7.jpg
959,959,rock,pins/451/8.jpg
960,960,rock,pins/451/9.jpg
961,961,rock,pins/451/10.jpg
962,962,pop,pins/464/0.jpg
963,963,pop,pins/464/1.jpg
964,964,pop,pins/464/2.jpg
965,965,pop,pins/464/3.jpg
966,966,pop,pins/464/4.jpg
967,967,pop,pins/464/5.jpg
968,968,pop,pins/464/6.jpg
969,969,pop,pins/464/7.jpg
970,970,pop,pins/464/8.jpg
971,971,pop,pins/464/9.jpg
972,972,pop,pins/464/10.jpg
973,973,rock,pins/483/0.jpg
974,974,rock,pins/483/1.jpg
975,975,rock,pins/483/2.jpg
976,976,rock,pins/483/3.jpg
977,977,rock,pins/483/4.jpg
978,978,rock,pins/483/5.jpg
979,979,rock,pins/483/6.jpg
980,980,rock,pins/483/7.jpg
981,981,rock,pins/483/8.jpg
982,982,rock,pins/483/9.jpg
983,983,rock,pins/483/10.jpg
984,984,rock,pins/485/0.jpg
985,985,rock,pins/485/1.jpg
986,986,rock,pins/485/2.jpg
987,987,rock,pins/485/3.jpg
988,988,rock,pins/485/4.jpg
989,989,rock,pins/485/5.jpg
990,990,rock,pins/485/6.jpg
991,991,rock,pins/485/7.jpg
992,992,rock,pins/485/8.jpg
993,993,rock,pins/485/9.jpg
994,994,rock,pins/485/10.jpg
995,995,pop,pins/488/0.jpg
996,996,pop,pins/488/1.jpg
997,997,pop,pins/488/2.jpg
998,998,pop,pins/488/3.jpg
999,999,pop,pins/488/4.jpg
1000,1000,pop,pins/488/5.jpg
1001,1001,pop,pins/488/6.jpg
1002,1002,pop,pins/488/7.jpg
1003,1003,pop,pins/488/8.jpg
1004,1004,pop,pins/488/9.jpg
1005,1005,pop,pins/488/10.jpg
1006,1006,rock,pins/577/0.jpg
1007,1007,rock,pins/577/1.jpg
1008,1008,rock,pins/577/2.jpg
1009,1009,rock,pins/577/3.jpg
1010,1010,rock,pins/577/4.jpg
1011,1011,rock,pins/577/5.jpg
1012,1012,rock,pins/577/6.jpg
1013,1013,rock,pins/577/7.jpg
1014,1014,rock,pins/577/8.jpg
1015,1015,rock,pins/577/9.jpg
1016,1016,rock,pins/577/10.jpg
1017,1017,pop,pins/642/0.jpg
1018,1018,pop,pins/642/1.jpg
1019,1019,pop,pins/642/2.jpg
1020,1020,pop,pins/642/3.jpg
1021,1021,pop,pins/642/4.jpg
1022,1022,pop,pins/642/5.jpg
1023,1023,pop,pins/642/6.jpg
1024,1024,pop,pins/642/7.jpg
1025,1025,pop,pins/642/8.jpg
1026,1026,pop,pins/642/9.jpg
1027,1027,pop,pins/642/10.jpg
1028,1028,r&b,pins/651/0.jpg
1029,1029,r&b,pins/651/1.jpg
1030,1030,r&b,pins/651/2.jpg
1031,1031,r&b,pins/651/3.jpg
1032,1032,r&b,pins/651/4.jpg
1033,1033,r&b,pins/651/5.jpg
1034,1034,r&b,pins/651/6.jpg
1035,1035,r&b,pins/651/7.jpg
1036,1036,r&b,pins/651/8.jpg
1037,1037,r&b,pins/651/9.jpg
1038,1038,r&b,pins/651/10.jpg
1039,1039,r&b,pins/654/0.jpg
1040,1040,r&b,pins/654/1.jpg
1041,1041,r&b,pins/654/2.jpg
1042,1042,r&b,pins/654/3.jpg
1043,1043,r&b,pins/654/4.jpg
1044,1044,r&b,pins/654/5.jpg
1045,1045,r&b,pins/654/6.jpg
1046,1046,r&b,pins/654/7.jpg
1047,1047,r&b,pins/654/8.jpg
1048,1048,r&b,pins/654/9.jpg
1049,1049,r&b,pins/654/10.jpg
1050,1050,pop,pins/780/0.jpg
1051,1051,pop,pins/780/1.jpg
1052,1052,pop,pins/780/2.jpg
1053,1053,pop,pins/780/3.jpg
1054,1054,pop,pins/780/4.jpg
1055,1055,pop,pins/780/5.jpg
1056,1056,pop,pins/780/6.jpg
1057,1057,pop,pins/780/7.jpg
1058,1058,pop,pins/780/8.jpg
1059,1059,pop,pins/780/9.jpg
1060,1060,pop,pins/780/10.jpg
1061,1061,indie,pins/782/0.jpg
1062,1062,indie,pins/782/1.jpg
1063,1063,indie,pins/782/2.jpg
1064,1064,indie,pins/782/3.jpg
1065,1065,indie,pins/782/4.jpg
1066,1066,indie,pins/782/5.jpg
1067,1067,indie,pins/782/6.jpg
1068,1068,indie,pins/782/7.jpg
1069,1069,indie,pins/782/8.jpg
1070,1070,indie,pins/782/9.jpg
1071,1071,indie,pins/782/10.jpg
1072,1072,rock,pins/442/0.jpg
1073,1073,rock,pins/442/1.jpg
1074,1074,rock,pins/442/2.jpg
1075,1075,rock,pins/442/3.jpg
1076,1076,rock,pins/442/4.jpg
1077,1077,rock,pins/442/5.jpg
1078,1078,rock,pins/442/6.jpg
1079,1079,rock,pins/442/7.jpg
1080,1080,rock,pins/442/8.jpg
1081,1081,rock,pins/442/9.jpg
1082,1082,rock,pins/442/10.jpg
1083,1083,indie,pins/507/0.jpg
1084,1084,indie,pins/507/1.jpg
1085,1085,indie,pins/507/2.jpg
1086,1086,indie,pins/507/3.jpg
1087,1087,indie,pins/507/4.jpg
1088,1088,indie,pins/507/5.jpg
1089,1089,indie,pins/507/6.jpg
1090,1090,indie,pins/507/7.jpg
1091,1091,indie,pins/507/8.jpg
1092,1092,indie,pins/507/9.jpg
1093,1093,indie,pins/507/10.jpg
1094,1094,pop,pins/541/0.jpg
1095,1095,pop,pins/541/1.jpg
1096,1096,pop,pins/541/2.jpg
1097,1097,pop,pins/541/3.jpg
1098,1098,pop,pins/541/4.jpg
1099,1099,pop,pins/541/5.jpg
1100,1100,pop,pins/541/6.jpg
1101,1101,pop,pins/541/7.jpg
1102,1102,pop,pins/541/8.jpg
1103,1103,pop,pins/541/9.jpg
1104,1104,pop,pins/541/10.jpg
1105,1105,pop,pins/597/0.jpg
1106,1106,pop,pins/597/1.jpg
1107,1107,pop,pins/597/2.jpg
1108,1108,pop,pins/597/3.jpg
1109,1109,pop,pins/597/4.jpg
1110,1110,pop,pins/597/5.jpg
1111,1111,pop,pins/597/6.jpg
1112,1112,pop,pins/597/7.jpg
1113,1113,pop,pins/597/8.jpg
1114,1114,pop,pins/597/9.jpg
1115,1115,pop,pins/597/10.jpg
1116,1116,rock,pins/792/0.jpg
1117,1117,rock,pins/792/1.jpg
1118,1118,rock,pins/792/2.jpg
1119,1119,rock,pins/792/3.jpg
1120,1120,rock,pins/792/4.jpg
1121,1121,rock,pins/792/5.jpg
1122,1122,rock,pins/792/6.jpg
1123,1123,rock,pins/792/7.jpg
1124,1124,rock,pins/792/8.jpg
1125,1125,rock,pins/792/9.jpg
1126,1126,rock,pins/792/10.jpg
1127,1127,pop,pins/470/0.jpg
1128,1128,pop,pins/470/1.jpg
1129,1129,pop,pins/470/2.jpg
1130,1130,pop,pins/470/3.jpg
1131,1131,pop,pins/470/4.jpg
1132,1132,pop,pins/470/5.jpg
1133,1133,pop,pins/470/6.jpg
1134,1134,pop,pins/470/7.jpg
1135,1135,pop,pins/470/8.jpg
1136,1136,pop,pins/470/9.jpg
1137,1137,pop,pins/470/10.jpg
1138,1138,electronic,pins/612/0.jpg
1139,1139,electronic,pins/612/1.jpg
1140,1140,electronic,pins/612/2.jpg
1141,1141,electronic,pins/612/3.jpg
1142,1142,electronic,pins/612/4.jpg
1143,1143,electronic,pins/612/1.jpg
1144,1144,electronic,pins/612/6.jpg
1145,1145,electronic,pins/612/7.jpg
1146,1146,electronic,pins/612/8.jpg
1147,1147,electronic,pins/612/9.jpg
1148,1148,electronic,pins/612/10.jpg
1149,1149,pop,pins/721/0.jpg
1150,1150,pop,pins/721/1.jpg
1151,1151,pop,pins/721/2.jpg
1152,1152,pop,pins/721/3.jpg
1153,1153,pop,pins/721/4.jpg
1154,1154,pop,pins/721/5.jpg
1155,1155,pop,pins/721/6.jpg
1156,1156,pop,pins/721/7.jpg
1157,1157,pop,pins/721/5.jpg
1158,1158,pop,pins/721/9.jpg
1159,1159,pop,pins/721/10.jpg
1160,1160,rock,pins/495/0.jpg
1161,1161,rock,pins/495/1.jpg
1162,1162,rock,pins/495/2.jpg
1163,1163,rock,pins/495/3.jpg
1164,1164,rock,pins/495/4.jpg
1165,1165,rock,pins/495/5.jpg
1166,1166,rock,pins/495/6.jpg
1167,1167,rock,pins/495/7.jpg
1168,1168,rock,pins/495/8.jpg
1169,1169,rock,pins/495/9.jpg
1170,1170,rock,pins/495/10.jpg
1171,1171,rock,pins/504/0.jpg
1172,1172,rock,pins/504/1.jpg
1173,1173,rock,pins/504/2.jpg
1174,1174,rock,pins/504/3.jpg
1175,1175,rock,pins/504/4.jpg
1176,1176,rock,pins/504/5.jpg
1177,1177,rock,pins/504/6.jpg
1178,1178,rock,pins/504/7.jpg
1179,1179,rock,pins/504/8.jpg
1180,1180,rock,pins/504/9.jpg
1181,1181,rock,pins/504/10.jpg
1182,1182,electronic,pins/538/0.jpg
1183,1183,electronic,pins/538/1.jpg
1184,1184,electronic,pins/538/2.jpg
1185,1185,electronic,pins/538/3.jpg
1186,1186,electronic,pins/538/4.jpg
1187,1187,electronic,pins/538/5.jpg
1188,1188,electronic,pins/538/6.jpg
1189,1189,electronic,pins/538/7.jpg
1190,1190,electronic,pins/538/8.jpg
1191,1191,electronic,pins/538/9.jpg
1192,1192,electronic,pins/538/10.jpg
1193,1193,pop,pins/600/0.jpg
1194,1194,pop,pins/600/1.jpg
1195,1195,pop,pins/600/2.jpg
1196,1196,pop,pins/600/3.jpg
1197,1197,pop,pins/600/4.jpg
1198,1198,pop,pins/600/5.jpg
1199,1199,pop,pins/600/6.jpg
1200,1200,pop,pins/600/7.jpg
1201,1201,pop,pins/600/8.jpg
1202,1202,pop,pins/600/9.jpg
1203,1203,pop,pins/600/10.jpg
1204,1204,rock,pins/643/0.jpg
1205,1205,rock,pins/643/1.jpg
1206,1206,rock,pins/643/2.jpg
1207,1207,rock,pins/643/3.jpg
1208,1208,rock,pins/643/4.jpg
1209,1209,rock,pins/643/5.jpg
1210,1210,rock,pins/643/6.jpg
1211,1211,rock,pins/643/7.jpg
1212,1212,rock,pins/643/8.jpg
1213,1213,rock,pins/643/9.jpg
1214,1214,rock,pins/643/10.jpg
1215,1215,r&b,pins/673/0.jpg
1216,1216,r&b,pins/673/1.jpg
1217,1217,r&b,pins/673/2.jpg
1218,1218,r&b,pins/673/3.jpg
1219,1219,r&b,pins/673/4.jpg
1220,1220,r&b,pins/673/5.jpg
1221,1221,r&b,pins/673/6.jpg
1222,1222,r&b,pins/673/7.jpg
1223,1223,r&b,pins/673/8.jpg
1224,1224,r&b,pins/673/9.jpg
1225,1225,r&b,pins/673/10.jpg
1226,1226,rock,pins/444/0.jpg
1227,1227,rock,pins/444/1.jpg
1228,1228,rock,pins/444/2.jpg
1229,1229,rock,pins/444/3.jpg
1230,1230,rock,pins/444/4.jpg
1231,1231,rock,pins/444/5.jpg
1232,1232,rock,pins/444/6.jpg
1233,1233,rock,pins/444/7.jpg
1234,1234,rock,pins/444/8.jpg
1235,1235,rock,pins/444/9.jpg
1236,1236,rock,pins/444/10.jpg
1237,1237,rock,pins/465/0.jpg
1238,1238,rock,pins/465/1.jpg
1239,1239,rock,pins/465/2.jpg
1240,1240,rock,pins/465/3.jpg
1241,1241,rock,pins/465/4.jpg
1242,1242,rock,pins/465/5.jpg
1243,1243,rock,pins/465/6.jpg
1244,1244,rock,pins/465/7.jpg
1245,1245,rock,pins/465/8.jpg
1246,1246,rock,pins/465/9.jpg
1247,1247,rock,pins/465/10.jpg
1248,1248,country,pins/489/0.jpg
1249,1249,country,pins/489/1.jpg
1250,1250,country,pins/489/2.jpg
1251,1251,country,pins/489/3.jpg
1252,1252,country,pins/489/4.jpg
1253,1253,country,pins/489/5.jpg
1254,1254,country,pins/489/6.jpg
1255,1255,country,pins/489/7.jpg
1256,1256,country,pins/489/8.jpg
1257,1257,country,pins/489/9.jpg
1258,1258,country,pins/489/10.jpg
1259,1259,electronic,pins/542/0.jpg
1260,1260,electronic,pins/542/1.jpg
1261,1261,electronic,pins/542/2.jpg
1262,1262,electronic,pins/542/3.jpg
1263,1263,electronic,pins/542/4.jpg
1264,1264,electronic,pins/542/5.jpg
1265,1265,electronic,pins/542/6.jpg
1266,1266,electronic,pins/542/7.jpg
1267,1267,electronic,pins/542/8.jpg
1268,1268,electronic,pins/542/9.jpg
1269,1269,electronic,pins/542/10.jpg
1270,1270,rock,pins/607/0.jpg
1271,1271,rock,pins/607/1.jpg
1272,1272,rock,pins/607/2.jpg
1273,1273,rock,pins/607/3.jpg
1274,1274,rock,pins/607/4.jpg
1275,1275,rock,pins/607/5.jpg
1276,1276,rock,pins/607/6.jpg
1277,1277,rock,pins/607/7.jpg
1278,1278,rock,pins/607/8.jpg
1279,1279,rock,pins/607/9.jpg
1280,1280,rock,pins/607/10.jpg
1281,1281,rock,pins/617/0.jpg
1282,1282,rock,pins/617/1.jpg
1283,1283,rock,pins/617/2.jpg
1284,1284,rock,pins/617/3.jpg
1285,1285,rock,pins/617/4.jpg
1286,1286,rock,pins/617/5.jpg
1287,1287,rock,pins/617/6.jpg
1288,1288,rock,pins/617/7.jpg
1289,1289,rock,pins/617/8.jpg
1290,1290,rock,pins/617/9.jpg
1291,1291,rock,pins/617/10.jpg
1292,1292,pop,pins/685/0.jpg
1293,1293,pop,pins/685/1.jpg
1294,1294,pop,pins/685/2.jpg
1295,1295,pop,pins/685/3.jpg
1296,1296,pop,pins/685/4.jpg
1297,1297,pop,pins/685/5.jpg
1298,1298,pop,pins/685/6.jpg
1299,1299,pop,pins/685/7.jpg
1300,1300,pop,pins/685/8.jpg
1301,1301,pop,pins/685/9.jpg
1302,1302,pop,pins/685/10.jpg
1303,1303,rock,pins/457/0.jpg
1304,1304,rock,pins/457/1.jpg
1305,1305,rock,pins/457/2.jpg
1306,1306,rock,pins/457/3.jpg
1307,1307,rock,pins/457/4.jpg
1308,1308,rock,pins/457/5.jpg
1309,1309,rock,pins/457/6.jpg
1310,1310,rock,pins/457/7.jpg
1311,1311,rock,pins/457/8.jpg
1312,1312,rock,pins/457/9.jpg
1313,1313,rock,pins/457/10.jpg
1314,1314,pop,pins/628/0.jpg
1315,1315,pop,pins/628/1.jpg
1316,1316,pop,pins/628/2.jpg
1317,1317,pop,pins/628/3.jpg
1318,1318,pop,pins/628/4.jpg
1319,1319,pop,pins/628/5.jpg
1320,1320,pop,pins/628/6.jpg
1321,1321,pop,pins/628/7.jpg
1322,1322,pop,pins/628/8.jpg
1323,1323,pop,pins/628/9.jpg
1324,1324,pop,pins/628/10.jpg
1325,1325,contemporary,pins/630/0.jpg
1326,1326,contemporary,pins/630/1.jpg
1327,1327,contemporary,pins/630/2.jpg
1328,1328,contemporary,pins/630/3.jpg
1329,1329,contemporary,pins/630/4.jpg
1330,1330,contemporary,pins/630/5.jpg
1331,1331,contemporary,pins/630/6.jpg
1332,1332,contemporary,pins/630/7.jpg
1333,1333,contemporary,pins/630/8.jpg
1334,1334,contemporary,pins/630/9.jpg
1335,1335,contemporary,pins/630/10.jpg
1336,1336,rock,pins/635/0.jpg
1337,1337,rock,pins/635/1.jpg
1338,1338,rock,pins/635/2.jpg
1339,1339,rock,pins/635/3.jpg
1340,1340,rock,pins/635/4.jpg
1341,1341,rock,pins/635/5.jpg
1342,1342,rock,pins/635/6.jpg
1343,1343,rock,pins/635/7.jpg
1344,1344,rock,pins/635/8.jpg
1345,1345,rock,pins/635/9.jpg
1346,1346,rock,pins/635/10.jpg
1347,1347,pop,pins/722/0.jpg
1348,1348,pop,pins/722/1.jpg
1349,1349,pop,pins/722/2.jpg
1350,1350,pop,pins/722/3.jpg
1351,1351,pop,pins/722/4.jpg
1352,1352,pop,pins/722/5.jpg
1353,1353,pop,pins/722/6.jpg
1354,1354,pop,pins/722/7.jpg
1355,1355,pop,pins/722/8.jpg
1356,1356,pop,pins/722/9.jpg
1357,1357,pop,pins/795/0.jpg
1358,1358,pop,pins/795/1.jpg
1359,1359,pop,pins/795/2.jpg
1360,1360,pop,pins/795/3.jpg
1361,1361,pop,pins/795/4.jpg
1362,1362,pop,pins/795/5.jpg
1363,1363,pop,pins/795/6.jpg
1364,1364,pop,pins/795/7.jpg
1365,1365,pop,pins/795/8.jpg
1366,1366,pop,pins/795/9.jpg
1367,1367,pop,pins/795/10.jpg
1368,1368,rock,pins/478/0.jpg
1369,1369,rock,pins/478/1.jpg
1370,1370,rock,pins/478/2.jpg
1371,1371,rock,pins/478/3.jpg
1372,1372,rock,pins/478/4.jpg
1373,1373,rock,pins/478/5.jpg
1374,1374,rock,pins/478/6.jpg
1375,1375,rock,pins/478/7.jpg
1376,1376,rock,pins/478/8.jpg
1377,1377,rock,pins/478/9.jpg
1378,1378,rock,pins/478/10.jpg
1379,1379,pop,pins/517/0.jpg
1380,1380,pop,pins/517/1.jpg
1381,1381,pop,pins/517/2.jpg
1382,1382,pop,pins/517/3.jpg
1383,1383,pop,pins/517/4.jpg
1384,1384,pop,pins/517/5.jpg
1385,1385,pop,pins/517/6.jpg
1386,1386,pop,pins/517/7.jpg
1387,1387,pop,pins/517/8.jpg
1388,1388,pop,pins/517/9.jpg
1389,1389,pop,pins/517/10.jpg
1390,1390,r&b,pins/672/0.jpg
1391,1391,r&b,pins/672/1.jpg
1392,1392,r&b,pins/672/2.jpg
1393,1393,r&b,pins/672/3.jpg
1394,1394,r&b,pins/672/4.jpg
1395,1395,r&b,pins/672/5.jpg
1396,1396,r&b,pins/672/6.jpg
1397,1397,r&b,pins/672/7.jpg
1398,1398,r&b,pins/672/8.jpg
1399,1399,r&b,pins/672/9.jpg
1400,1400,r&b,pins/672/10.jpg
1401,1401,rock,pins/713/0.jpg
1402,1402,rock,pins/713/1.jpg
1403,1403,rock,pins/713/2.jpg
1404,1404,rock,pins/713/3.jpg
1405,1405,rock,pins/713/4.jpg
1406,1406,rock,pins/713/5.jpg
1407,1407,rock,pins/713/6.jpg
1408,1408,rock,pins/713/7.jpg
1409,1409,rock,pins/713/8.jpg
1410,1410,rock,pins/713/9.jpg
1411,1411,rock,pins/713/10.jpg
1412,1412,rock,pins/781/0.jpg
1413,1413,rock,pins/781/1.jpg
1414,1414,rock,pins/781/2.jpg
1415,1415,rock,pins/781/3.jpg
1416,1416,rock,pins/781/4.jpg
1417,1417,rock,pins/781/5.jpg
1418,1418,rock,pins/781/6.jpg
1419,1419,rock,pins/781/7.jpg
1420,1420,rock,pins/781/8.jpg
1421,1421,rock,pins/781/9.jpg
1422,1422,rock,pins/781/10.jpg
1423,1423,r&b,pins/452/0.jpg
1424,1424,r&b,pins/452/1.jpg
1425,1425,r&b,pins/452/2.jpg
1426,1426,r&b,pins/452/3.jpg
1427,1427,r&b,pins/452/4.jpg
1428,1428,r&b,pins/452/5.jpg
1429,1429,r&b,pins/452/6.jpg
1430,1430,r&b,pins/452/7.jpg
1431,1431,r&b,pins/452/8.jpg
1432,1432,r&b,pins/452/9.jpg
1433,1433,r&b,pins/452/10.jpg
1434,1434,pop,pins/461/0.jpg
1435,1435,pop,pins/461/1.jpg
1436,1436,pop,pins/461/2.jpg
1437,1437,pop,pins/461/3.jpg
1438,1438,pop,pins/461/4.jpg
1439,1439,pop,pins/461/5.jpg
1440,1440,pop,pins/461/6.jpg
1441,1441,pop,pins/461/7.jpg
1442,1442,pop,pins/461/8.jpg
1443,1443,pop,pins/461/9.jpg
1444,1444,pop,pins/461/10.jpg
1445,1445,rock,pins/500/0.jpg
1446,1446,rock,pins/500/1.jpg
1447,1447,rock,pins/500/2.jpg
1448,1448,rock,pins/500/3.jpg
1449,1449,rock,pins/500/4.jpg
1450,1450,rock,pins/500/5.jpg
1451,1451,rock,pins/500/6.jpg
1452,1452,rock,pins/500/7.jpg
1453,1453,rock,pins/500/8.jpg
1454,1454,rock,pins/500/9.jpg
1455,1455,rock,pins/500/10.jpg
1456,1456,rock,pins/518/0.jpg
1457,1457,rock,pins/518/1.jpg
1458,1458,rock,pins/518/2.jpg
1459,1459,rock,pins/518/3.jpg
1460,1460,rock,pins/518/4.jpg
1461,1461,rock,pins/518/5.jpg
1462,1462,rock,pins/518/6.jpg
1463,1463,rock,pins/518/7.jpg
1464,1464,rock,pins/518/8.jpg
1465,1465,rock,pins/518/9.jpg
1466,1466,rock,pins/518/10.jpg
1467,1467,rock,pins/554/0.jpg
1468,1468,rock,pins/554/1.jpg
1469,1469,rock,pins/554/2.jpg
1470,1470,rock,pins/554/3.jpg
1471,1471,rock,pins/554/4.jpg
1472,1472,rock,pins/554/5.jpg
1473,1473,rock,pins/554/6.jpg
1474,1474,rock,pins/554/7.jpg
1475,1475,rock,pins/554/8.jpg
1476,1476,rock,pins/554/9.jpg
1477,1477,rock,pins/554/10.jpg
1478,1478,pop,pins/593/0.jpg
1479,1479,pop,pins/593/1.jpg
1480,1480,pop,pins/593/2.jpg
1481,1481,pop,pins/593/3.jpg
1482,1482,pop,pins/593/4.jpg
1483,1483,pop,pins/593/5.jpg
1484,1484,pop,pins/593/6.jpg
1485,1485,pop,pins/593/7.jpg
1486,1486,pop,pins/593/8.jpg
1487,1487,pop,pins/593/9.jpg
1488,1488,pop,pins/593/10.jpg
1489,1489,r&b,pins/666/0.jpg
1490,1490,r&b,pins/666/1.jpg
1491,1491,r&b,pins/666/2.jpg
1492,1492,r&b,pins/666/3.jpg
1493,1493,r&b,pins/666/4.jpg
1494,1494,r&b,pins/666/5.jpg
1495,1495,r&b,pins/666/6.jpg
1496,1496,r&b,pins/666/7.jpg
1497,1497,r&b,pins/666/8.jpg
1498,1498,r&b,pins/666/9.jpg
1499,1499,r&b,pins/666/10.jpg
1500,1500,pop,pins/694/0.jpg
1501,1501,pop,pins/694/1.jpg
1502,1502,pop,pins/694/2.jpg
1503,1503,pop,pins/694/3.jpg
1504,1504,pop,pins/694/4.jpg
1505,1505,pop,pins/694/5.jpg
1506,1506,pop,pins/694/6.jpg
1507,1507,pop,pins/694/7.jpg
1508,1508,pop,pins/694/8.jpg
1509,1509,pop,pins/694/9.jpg
1510,1510,pop,pins/694/10.jpg
1511,1511,electronic,pins/700/0.jpg
1512,1512,electronic,pins/700/1.jpg
1513,1513,electronic,pins/700/2.jpg
1514,1514,electronic,pins/700/3.jpg
1515,1515,electronic,pins/700/4.jpg
1516,1516,electronic,pins/700/5.jpg
1517,1517,electronic,pins/700/6.jpg
1518,1518,electronic,pins/700/7.jpg
1519,1519,electronic,pins/700/8.jpg
1520,1520,electronic,pins/700/9.jpg
1521,1521,electronic,pins/700/10.jpg
1522,1522,rock,pins/443/0.jpg
1523,1523,rock,pins/443/1.jpg
1524,1524,rock,pins/443/2.jpg
1525,1525,rock,pins/443/3.jpg
1526,1526,rock,pins/443/4.jpg
1527,1527,rock,pins/443/5.jpg
1528,1528,rock,pins/443/6.jpg
1529,1529,rock,pins/443/7.jpg
1530,1530,rock,pins/443/8.jpg
1531,1531,rock,pins/443/9.jpg
1532,1532,rock,pins/443/10.jpg
1533,1533,electronic,pins/529/0.jpg
1534,1534,electronic,pins/529/1.jpg
1535,1535,electronic,pins/529/2.jpg
1536,1536,electronic,pins/529/3.jpg
1537,1537,electronic,pins/529/4.jpg
1538,1538,electronic,pins/529/5.jpg
1539,1539,electronic,pins/529/6.jpg
1540,1540,electronic,pins/529/7.jpg
1541,1541,electronic,pins/529/8.jpg
1542,1542,electronic,pins/529/9.jpg
1543,1543,electronic,pins/529/10.jpg
1544,1544,electronic,pins/543/0.jpg
1545,1545,electronic,pins/543/1.jpg
1546,1546,electronic,pins/543/2.jpg
1547,1547,electronic,pins/543/3.jpg
1548,1548,electronic,pins/543/4.jpg
1549,1549,electronic,pins/543/5.jpg
1550,1550,electronic,pins/543/6.jpg
1551,1551,electronic,pins/543/7.jpg
1552,1552,electronic,pins/543/8.jpg
1553,1553,electronic,pins/543/9.jpg
1554,1554,electronic,pins/543/10.jpg
1555,1555,indie,pins/583/0.jpg
1556,1556,indie,pins/583/1.jpg
1557,1557,indie,pins/583/2.jpg
1558,1558,indie,pins/583/3.jpg
1559,1559,indie,pins/583/4.jpg
1560,1560,indie,pins/583/5.jpg
1561,1561,indie,pins/583/6.jpg
1562,1562,indie,pins/583/7.jpg
1563,1563,indie,pins/583/8.jpg
1564,1564,indie,pins/583/9.jpg
1565,1565,rock,pins/587/0.jpg
1566,1566,rock,pins/587/1.jpg
1567,1567,rock,pins/587/2.jpg
1568,1568,rock,pins/587/3.jpg
1569,1569,rock,pins/587/4.jpg
1570,1570,rock,pins/587/5.jpg
1571,1571,rock,pins/587/6.jpg
1572,1572,rock,pins/587/7.jpg
1573,1573,rock,pins/587/8.jpg
1574,1574,rock,pins/587/9.jpg
1575,1575,rock,pins/587/10.jpg
1576,1576,pop,pins/737/0.jpg
1577,1577,pop,pins/737/1.jpg
1578,1578,pop,pins/737/2.jpg
1579,1579,pop,pins/737/3.jpg
1580,1580,pop,pins/737/4.jpg
1581,1581,pop,pins/737/5.jpg
1582,1582,pop,pins/737/6.jpg
1583,1583,pop,pins/737/7.jpg
1584,1584,pop,pins/737/8.jpg
1585,1585,pop,pins/737/9.jpg
1586,1586,pop,pins/737/10.jpg
1587,1587,rock,pins/474/0.jpg
1588,1588,rock,pins/474/1.jpg
1589,1589,rock,pins/474/2.jpg
1590,1590,rock,pins/474/3.jpg
1591,1591,rock,pins/474/4.jpg
1592,1592,rock,pins/474/5.jpg
1593,1593,rock,pins/474/6.jpg
1594,1594,rock,pins/474/7.jpg
1595,1595,rock,pins/474/8.jpg
1596,1596,rock,pins/474/9.jpg
1597,1597,rock,pins/474/10.jpg
1598,1598,indie,pins/486/0.jpg
1599,1599,indie,pins/486/1.jpg
1600,1600,indie,pins/486/2.jpg
1601,1601,indie,pins/486/3.jpg
1602,1602,indie,pins/486/4.jpg
1603,1603,indie,pins/486/5.jpg
1604,1604,indie,pins/486/6.jpg
1605,1605,indie,pins/486/7.jpg
1606,1606,indie,pins/486/8.jpg
1607,1607,indie,pins/486/9.jpg
1608,1608,indie,pins/486/10.jpg
1609,1609,rock,pins/580/0.jpg
1610,1610,rock,pins/580/1.jpg
1611,1611,rock,pins/580/2.jpg
1612,1612,rock,pins/580/3.jpg
1613,1613,rock,pins/580/4.jpg
1614,1614,rock,pins/580/5.jpg
1615,1615,rock,pins/580/6.jpg
1616,1616,rock,pins/580/7.jpg
1617,1617,rock,pins/580/8.jpg
1618,1618,rock,pins/580/9.jpg
1619,1619,rock,pins/580/10.jpg
1620,1620,electronic,pins/723/0.jpg
1621,1621,electronic,pins/723/1.jpg
1622,1622,electronic,pins/723/2.jpg
1623,1623,electronic,pins/723/3.jpg
1624,1624,electronic,pins/723/4.jpg
1625,1625,electronic,pins/723/5.jpg
1626,1626,electronic,pins/723/6.jpg
1627,1627,electronic,pins/723/7.jpg
1628,1628,electronic,pins/723/8.jpg
1629,1629,electronic,pins/723/9.jpg
1630,1630,electronic,pins/723/10.jpg
1631,1631,indie,pins/521/0.jpg
1632,1632,indie,pins/521/1.jpg
1633,1633,indie,pins/521/2.jpg
1634,1634,indie,pins/521/3.jpg
1635,1635,indie,pins/521/4.jpg
1636,1636,indie,pins/521/5.jpg
1637,1637,indie,pins/521/6.jpg
1638,1638,indie,pins/521/3.jpg
1639,1639,indie,pins/521/8.jpg
1640,1640,indie,pins/521/9.jpg
1641,1641,indie,pins/521/10.jpg
1642,1642,indie,pins/594/0.jpg
1643,1643,indie,pins/594/1.jpg
1644,1644,indie,pins/594/2.jpg
1645,1645,indie,pins/594/3.jpg
1646,1646,indie,pins/594/4.jpg
1647,1647,indie,pins/594/5.jpg
1648,1648,indie,pins/594/6.jpg
1649,1649,indie,pins/594/7.jpg
1650,1650,indie,pins/594/8.jpg
1651,1651,indie,pins/594/9.jpg
1652,1652,indie,pins/594/10.jpg
1653,1653,pop,pins/647/0.jpg
1654,1654,pop,pins/647/1.jpg
1655,1655,pop,pins/647/2.jpg
1656,1656,pop,pins/647/3.jpg
1657,1657,pop,pins/647/4.jpg
1658,1658,pop,pins/647/5.jpg
1659,1659,pop,pins/647/6.jpg
1660,1660,pop,pins/647/7.jpg
1661,1661,pop,pins/647/8.jpg
1662,1662,pop,pins/647/9.jpg
1663,1663,pop,pins/647/10.jpg
1664,1664,country,pins/661/0.jpg
1665,1665,country,pins/661/1.jpg
1666,1666,country,pins/661/2.jpg
1667,1667,country,pins/661/3.jpg
1668,1668,country,pins/661/4.jpg
1669,1669,country,pins/661/5.jpg
1670,1670,country,pins/661/6.jpg
1671,1671,country,pins/661/7.jpg
1672,1672,country,pins/661/8.jpg
1673,1673,country,pins/661/9.jpg
1674,1674,indie,pins/705/0.jpg
1675,1675,indie,pins/705/1.jpg
1676,1676,indie,pins/705/2.jpg
1677,1677,indie,pins/705/3.jpg
1678,1678,indie,pins/705/4.jpg
1679,1679,indie,pins/705/5.jpg
1680,1680,indie,pins/705/6.jpg
1681,1681,indie,pins/705/7.jpg
1682,1682,indie,pins/705/8.jpg
1683,1683,indie,pins/705/9.jpg
1684,1684,indie,pins/705/10.jpg
1685,1685,r&b,pins/659/0.jpg
1686,1686,r&b,pins/659/1.jpg
1687,1687,r&b,pins/659/2.jpg
1688,1688,r&b,pins/659/3.jpg
1689,1689,r&b,pins/659/4.jpg
1690,1690,r&b,pins/659/5.jpg
1691,1691,r&b,pins/659/6.jpg
1692,1692,r&b,pins/659/7.jpg
1693,1693,r&b,pins/659/8.jpg
1694,1694,r&b,pins/659/9.jpg
1695,1695,r&b,pins/659/10.jpg
1696,1696,indie,pins/701/0.jpg
1697,1697,indie,pins/701/1.jpg
1698,1698,indie,pins/701/2.jpg
1699,1699,indie,pins/701/3.jpg
1700,1700,indie,pins/701/4.jpg
1701,1701,indie,pins/701/5.jpg
1702,1702,indie,pins/701/6.jpg
1703,1703,indie,pins/701/7.jpg
1704,1704,indie,pins/701/8.jpg
1705,1705,indie,pins/701/9.jpg
1706,1706,indie,pins/701/10.jpg
1707,1707,indie,pins/716/0.jpg
1708,1708,indie,pins/716/1.jpg
1709,1709,indie,pins/716/2.jpg
1710,1710,indie,pins/716/3.jpg
1711,1711,indie,pins/716/4.jpg
1712,1712,indie,pins/716/5.jpg
1713,1713,indie,pins/716/6.jpg
1714,1714,indie,pins/716/7.jpg
1715,1715,indie,pins/716/8.jpg
1716,1716,indie,pins/716/9.jpg
1717,1717,indie,pins/716/10.jpg
1718,1718,pop,pins/413/0.jpg
1719,1719,pop,pins/413/1.jpg
1720,1720,pop,pins/413/2.jpg
1721,1721,pop,pins/413/3.jpg
1722,1722,pop,pins/413/4.jpg
1723,1723,pop,pins/413/5.jpg
1724,1724,pop,pins/413/6.jpg
1725,1725,pop,pins/413/7.jpg
1726,1726,pop,pins/413/8.jpg
1727,1727,pop,pins/413/9.jpg
1728,1728,pop,pins/413/10.jpg
1729,1729,r&b,pins/564/0.jpg
1730,1730,r&b,pins/564/1.jpg
1731,1731,r&b,pins/564/2.jpg
1732,1732,r&b,pins/564/3.jpg
1733,1733,r&b,pins/564/4.jpg
1734,1734,r&b,pins/564/5.jpg
1735,1735,r&b,pins/564/6.jpg
1736,1736,r&b,pins/564/7.jpg
1737,1737,r&b,pins/564/8.jpg
1738,1738,r&b,pins/564/9.jpg
1739,1739,r&b,pins/564/10.jpg
1740,1740,rock,pins/658/0.jpg
1741,1741,rock,pins/658/1.jpg
1742,1742,rock,pins/658/2.jpg
1743,1743,rock,pins/658/3.jpg
1744,1744,rock,pins/658/4.jpg
1745,1745,rock,pins/658/5.jpg
1746,1746,rock,pins/658/6.jpg
1747,1747,rock,pins/658/7.jpg
1748,1748,rock,pins/658/8.jpg
1749,1749,rock,pins/658/9.jpg
1750,1750,rock,pins/658/10.jpg
1751,1751,electronic,pins/436/0.jpg
1752,1752,electronic,pins/436/1.jpg
1753,1753,electronic,pins/436/2.jpg
1754,1754,electronic,pins/436/3.jpg
1755,1755,electronic,pins/436/4.jpg
1756,1756,electronic,pins/436/5.jpg
1757,1757,electronic,pins/436/6.jpg
1758,1758,electronic,pins/436/7.jpg
1759,1759,electronic,pins/436/8.jpg
1760,1760,electronic,pins/436/9.jpg
1761,1761,electronic,pins/436/10.jpg
1762,1762,indie,pins/569/0.jpg
1763,1763,indie,pins/569/1.jpg
1764,1764,indie,pins/569/2.jpg
1765,1765,indie,pins/569/3.jpg
1766,1766,indie,pins/569/4.jpg
1767,1767,indie,pins/569/5.jpg
1768,1768,indie,pins/569/6.jpg
1769,1769,indie,pins/569/7.jpg
1770,1770,indie,pins/569/8.jpg
1771,1771,indie,pins/569/9.jpg
1772,1772,indie,pins/569/10.jpg
1773,1773,rock,pins/632/0.jpg
1774,1774,rock,pins/632/1.jpg
1775,1775,rock,pins/632/2.jpg
1776,1776,rock,pins/632/3.jpg
1777,1777,rock,pins/632/4.jpg
1778,1778,rock,pins/632/5.jpg
1779,1779,rock,pins/632/6.jpg
1780,1780,rock,pins/632/7.jpg
1781,1781,rock,pins/632/8.jpg
1782,1782,rock,pins/632/9.jpg
1783,1783,rock,pins/632/10.jpg
1784,1784,country,pins/772/0.jpg
1785,1785,country,pins/772/1.jpg
1786,1786,country,pins/772/2.jpg
1787,1787,country,pins/772/3.jpg
1788,1788,country,pins/772/4.jpg
1789,1789,country,pins/772/5.jpg
1790,1790,country,pins/772/6.jpg
1791,1791,country,pins/772/7.jpg
1792,1792,country,pins/772/8.jpg
1793,1793,country,pins/772/9.jpg
1794,1794,country,pins/772/10.jpg
1795,1795,pop,pins/571/0.jpg
1796,1796,pop,pins/571/1.jpg
1797,1797,pop,pins/571/2.jpg
1798,1798,pop,pins/571/3.jpg
1799,1799,pop,pins/571/4.jpg
1800,1800,pop,pins/571/5.jpg
1801,1801,pop,pins/571/6.jpg
1802,1802,pop,pins/571/7.jpg
1803,1803,pop,pins/571/8.jpg
1804,1804,pop,pins/571/9.jpg
1805,1805,pop,pins/571/10.jpg
1806,1806,rock,pins/595/0.jpg
1807,1807,rock,pins/595/1.jpg
1808,1808,rock,pins/595/2.jpg
1809,1809,rock,pins/595/3.jpg
1810,1810,rock,pins/595/4.jpg
1811,1811,rock,pins/595/5.jpg
1812,1812,rock,pins/595/6.jpg
1813,1813,rock,pins/595/7.jpg
1814,1814,rock,pins/595/8.jpg
1815,1815,rock,pins/595/9.jpg
1816,1816,rock,pins/595/10.jpg
1817,1817,rock,pins/730/0.jpg
1818,1818,rock,pins/730/1.jpg
1819,1819,rock,pins/730/2.jpg
1820,1820,rock,pins/730/3.jpg
1821,1821,rock,pins/730/4.jpg
1822,1822,rock,pins/730/5.jpg
1823,1823,rock,pins/730/6.jpg
1824,1824,rock,pins/730/7.jpg
1825,1825,rock,pins/730/8.jpg
1826,1826,rock,pins/730/9.jpg
1827,1827,rock,pins/730/10.jpg
1828,1828,rock,pins/431/0.jpg
1829,1829,rock,pins/431/1.jpg
1830,1830,rock,pins/431/2.jpg
1831,1831,rock,pins/431/3.jpg
1832,1832,rock,pins/431/4.jpg
1833,1833,rock,pins/431/5.jpg
1834,1834,rock,pins/431/6.jpg
1835,1835,rock,pins/431/7.jpg
1836,1836,rock,pins/431/8.jpg
1837,1837,rock,pins/431/9.jpg
1838,1838,rock,pins/431/10.jpg
1839,1839,electronic,pins/437/0.jpg
1840,1840,electronic,pins/437/1.jpg
1841,1841,electronic,pins/437/2.jpg
1842,1842,electronic,pins/437/3.jpg
1843,1843,electronic,pins/437/4.jpg
1844,1844,electronic,pins/437/5.jpg
1845,1845,electronic,pins/437/6.jpg
1846,1846,electronic,pins/437/7.jpg
1847,1847,electronic,pins/437/8.jpg
1848,1848,electronic,pins/437/9.jpg
1849,1849,electronic,pins/437/10.jpg
1850,1850,country,pins/512/0.jpg
1851,1851,country,pins/512/1.jpg
1852,1852,country,pins/512/2.jpg
1853,1853,country,pins/512/3.jpg
1854,1854,country,pins/512/4.jpg
1855,1855,country,pins/512/5.jpg
1856,1856,country,pins/512/6.jpg
1857,1857,country,pins/512/7.jpg
1858,1858,country,pins/512/8.jpg
1859,1859,country,pins/512/9.jpg
1860,1860,country,pins/512/10.jpg
1861,1861,rock,pins/526/0.jpg
1862,1862,rock,pins/526/1.jpg
1863,1863,rock,pins/526/2.jpg
1864,1864,rock,pins/526/3.jpg
1865,1865,rock,pins/526/4.jpg
1866,1866,rock,pins/526/5.jpg
1867,1867,rock,pins/526/6.jpg
1868,1868,rock,pins/526/7.jpg
1869,1869,rock,pins/526/8.jpg
1870,1870,rock,pins/526/9.jpg
1871,1871,rock,pins/526/10.jpg
1872,1872,pop,pins/589/0.jpg
1873,1873,pop,pins/589/1.jpg
1874,1874,pop,pins/589/2.jpg
1875,1875,pop,pins/589/3.jpg
1876,1876,pop,pins/589/4.jpg
1877,1877,pop,pins/589/5.jpg
1878,1878,pop,pins/589/6.jpg
1879,1879,pop,pins/589/7.jpg
1880,1880,pop,pins/589/8.jpg
1881,1881,pop,pins/589/9.jpg
1882,1882,pop,pins/589/2.jpg
1883,1883,electronic,pins/641/0.jpg
1884,1884,electronic,pins/641/1.jpg
1885,1885,electronic,pins/641/2.jpg
1886,1886,electronic,pins/641/3.jpg
1887,1887,electronic,pins/641/4.jpg
1888,1888,electronic,pins/641/5.jpg
1889,1889,electronic,pins/641/6.jpg
1890,1890,electronic,pins/641/7.jpg
1891,1891,electronic,pins/641/8.jpg
1892,1892,electronic,pins/641/9.jpg
1893,1893,electronic,pins/641/10.jpg
1894,1894,country,pins/498/0.jpg
1895,1895,country,pins/498/1.jpg
1896,1896,country,pins/498/2.jpg
1897,1897,country,pins/498/3.jpg
1898,1898,country,pins/498/4.jpg
1899,1899,country,pins/498/5.jpg
1900,1900,country,pins/498/6.jpg
1901,1901,country,pins/498/7.jpg
1902,1902,country,pins/498/8.jpg
1903,1903,country,pins/498/9.jpg
1904,1904,country,pins/498/10.jpg
1905,1905,country,pins/511/0.jpg
1906,1906,country,pins/511/1.jpg
1907,1907,country,pins/511/2.jpg
1908,1908,country,pins/511/3.jpg
1909,1909,country,pins/511/4.jpg
1910,1910,country,pins/511/5.jpg
1911,1911,country,pins/511/6.jpg
1912,1912,country,pins/511/7.jpg
1913,1913,country,pins/511/8.jpg
1914,1914,country,pins/511/9.jpg
1915,1915,country,pins/511/10.jpg
1916,1916,pop,pins/565/0.jpg
1917,1917,pop,pins/565/1.jpg
1918,1918,pop,pins/565/2.jpg
1919,1919,pop,pins/565/3.jpg
1920,1920,pop,pins/565/4.jpg
1921,1921,pop,pins/565/5.jpg
1922,1922,pop,pins/565/6.jpg
1923,1923,pop,pins/565/7.jpg
1924,1924,pop,pins/565/8.jpg
1925,1925,pop,pins/565/9.jpg
1926,1926,pop,pins/565/10.jpg
1927,1927,electronic,pins/520/0.jpg
1928,1928,electronic,pins/520/1.jpg
1929,1929,electronic,pins/520/2.jpg
1930,1930,electronic,pins/520/3.jpg
1931,1931,electronic,pins/520/4.jpg
1932,1932,electronic,pins/520/5.jpg
1933,1933,electronic,pins/520/6.jpg
1934,1934,electronic,pins/520/7.jpg
1935,1935,electronic,pins/520/8.jpg
1936,1936,electronic,pins/520/9.jpg
1937,1937,electronic,pins/520/10.jpg
1938,1938,pop,pins/535/0.jpg
1939,1939,pop,pins/535/1.jpg
1940,1940,pop,pins/535/2.jpg
1941,1941,pop,pins/535/3.jpg
1942,1942,pop,pins/535/4.jpg
1943,1943,pop,pins/535/5.jpg
1944,1944,pop,pins/535/6.jpg
1945,1945,pop,pins/535/7.jpg
1946,1946,pop,pins/535/8.jpg
1947,1947,pop,pins/535/9.jpg
1948,1948,pop,pins/535/10.jpg
1949,1949,rock,pins/671/0.jpg
1950,1950,rock,pins/671/1.jpg
1951,1951,rock,pins/671/2.jpg
1952,1952,rock,pins/671/3.jpg
1953,1953,rock,pins/671/4.jpg
1954,1954,rock,pins/671/5.jpg
1955,1955,rock,pins/671/6.jpg
1956,1956,rock,pins/671/7.jpg
1957,1957,rock,pins/671/8.jpg
1958,1958,rock,pins/671/9.jpg
1959,1959,rock,pins/671/10.jpg
1960,1960,pop,pins/405/0.jpg
1961,1961,pop,pins/405/1.jpg
1962,1962,pop,pins/405/2.jpg
1963,1963,pop,pins/405/3.jpg
1964,1964,pop,pins/405/4.jpg
1965,1965,pop,pins/405/5.jpg
1966,1966,pop,pins/405/6.jpg
1967,1967,pop,pins/405/7.jpg
1968,1968,pop,pins/405/8.jpg
1969,1969,pop,pins/405/9.jpg
1970,1970,pop,pins/405/10.jpg
1971,1971,pop,pins/481/0.jpg
1972,1972,pop,pins/481/1.jpg
1973,1973,pop,pins/481/2.jpg
1974,1974,pop,pins/481/3.jpg
1975,1975,pop,pins/481/4.jpg
1976,1976,pop,pins/481/5.jpg
1977,1977,pop,pins/481/6.jpg
1978,1978,pop,pins/481/7.jpg
1979,1979,pop,pins/481/8.jpg
1980,1980,pop,pins/481/9.jpg
1981,1981,pop,pins/481/10.jpg
1982,1982,pop,pins/509/0.jpg
1983,1983,pop,pins/509/1.jpg
1984,1984,pop,pins/509/2.jpg
1985,1985,pop,pins/509/3.jpg
1986,1986,pop,pins/509/4.jpg
1987,1987,pop,pins/509/5.jpg
1988,1988,pop,pins/509/6.jpg
1989,1989,pop,pins/509/7.jpg
1990,1990,pop,pins/509/8.jpg
1991,1991,pop,pins/509/9.jpg
1992,1992,pop,pins/509/10.jpg
1993,1993,indie,pins/644/0.jpg
1994,1994,indie,pins/644/1.jpg
1995,1995,indie,pins/644/2.jpg
1996,1996,indie,pins/644/3.jpg
1997,1997,indie,pins/644/4.jpg
1998,1998,indie,pins/644/5.jpg
1999,1999,indie,pins/644/6.jpg
2000,2000,indie,pins/644/7.jpg
2001,2001,indie,pins/644/8.jpg
2002,2002,indie,pins/644/9.jpg
2003,2003,indie,pins/644/10.jpg
2004,2004,contemporary,pins/663/0.jpg
2005,2005,contemporary,pins/663/1.jpg
2006,2006,contemporary,pins/663/2.jpg
2007,2007,contemporary,pins/663/3.jpg
2008,2008,contemporary,pins/663/4.jpg
2009,2009,contemporary,pins/663/5.jpg
2010,2010,contemporary,pins/663/6.jpg
2011,2011,contemporary,pins/663/7.jpg
2012,2012,contemporary,pins/663/8.jpg
2013,2013,contemporary,pins/663/9.jpg
2014,2014,contemporary,pins/663/10.jpg
2015,2015,country,pins/424/0.jpg
2016,2016,country,pins/424/1.jpg
2017,2017,country,pins/424/2.jpg
2018,2018,country,pins/424/3.jpg
2019,2019,country,pins/424/4.jpg
2020,2020,country,pins/424/5.jpg
2021,2021,country,pins/424/6.jpg
2022,2022,country,pins/424/7.jpg
2023,2023,country,pins/424/8.jpg
2024,2024,country,pins/424/9.jpg
2025,2025,country,pins/424/10.jpg
2026,2026,rock,pins/450/0.jpg
2027,2027,rock,pins/450/1.jpg
2028,2028,rock,pins/450/2.jpg
2029,2029,rock,pins/450/3.jpg
2030,2030,rock,pins/450/4.jpg
2031,2031,rock,pins/450/5.jpg
2032,2032,rock,pins/450/6.jpg
2033,2033,rock,pins/450/7.jpg
2034,2034,rock,pins/450/8.jpg
2035,2035,rock,pins/450/9.jpg
2036,2036,pop,pins/655/0.jpg
2037,2037,pop,pins/655/1.jpg
2038,2038,pop,pins/655/2.jpg
2039,2039,pop,pins/655/3.jpg
2040,2040,pop,pins/655/4.jpg
2041,2041,pop,pins/655/5.jpg
2042,2042,pop,pins/655/6.jpg
2043,2043,pop,pins/655/7.jpg
2044,2044,pop,pins/655/8.jpg
2045,2045,pop,pins/655/9.jpg
2046,2046,pop,pins/655/10.jpg
2047,2047,pop,pins/575/0.jpg
2048,2048,pop,pins/575/1.jpg
2049,2049,pop,pins/575/2.jpg
2050,2050,pop,pins/575/3.jpg
2051,2051,pop,pins/575/4.jpg
2052,2052,pop,pins/575/5.jpg
2053,2053,pop,pins/575/6.jpg
2054,2054,pop,pins/575/7.jpg
2055,2055,pop,pins/575/8.jpg
2056,2056,pop,pins/575/9.jpg
2057,2057,pop,pins/575/10.jpg
2058,2058,electronic,pins/453/0.jpg
2059,2059,electronic,pins/453/1.jpg
2060,2060,electronic,pins/453/2.jpg
2061,2061,electronic,pins/453/3.jpg
2062,2062,electronic,pins/453/4.jpg
2063,2063,electronic,pins/453/5.jpg
2064,2064,electronic,pins/453/6.jpg
2065,2065,electronic,pins/453/7.jpg
2066,2066,electronic,pins/453/8.jpg
2067,2067,electronic,pins/453/9.jpg
2068,2068,electronic,pins/453/10.jpg
2069,2069,r&b,pins/502/0.jpg
2070,2070,r&b,pins/502/1.jpg
2071,2071,r&b,pins/502/2.jpg
2072,2072,r&b,pins/502/3.jpg
2073,2073,r&b,pins/502/4.jpg
2074,2074,r&b,pins/502/5.jpg
2075,2075,r&b,pins/502/6.jpg
2076,2076,r&b,pins/502/7.jpg
2077,2077,r&b,pins/502/8.jpg
2078,2078,r&b,pins/502/9.jpg
2079,2079,r&b,pins/502/10.jpg
2080,2080,rock,pins/503/0.jpg
2081,2081,rock,pins/503/1.jpg
2082,2082,rock,pins/503/2.jpg
2083,2083,rock,pins/503/3.jpg
2084,2084,rock,pins/503/4.jpg
2085,2085,rock,pins/503/5.jpg
2086,2086,rock,pins/503/6.jpg
2087,2087,rock,pins/503/7.jpg
2088,2088,rock,pins/503/8.jpg
2089,2089,rock,pins/503/9.jpg
2090,2090,rock,pins/503/10.jpg
